ball_1_x,ball_1_y,ball_2_x,ball_2_y,ball_3_x,ball_3_y,ball_4_x,ball_4_y,ball_5_x,ball_5_y,ball_6_x,ball_6_y,ball_7_x,ball_7_y
0,0,0,0,0,0,0,0,0,0,0,0,0,0
199,438,192,429,212,414,213,427,202,424,197,435,215,421
199,437,192,429,212,413,213,426,202,424,197,435,215,420
199,438,192,429,212,413,213,426,202,423,197,435,215,420
200,438,193,429,212,413,213,426,203,423,198,435,215,420
200,437,193,429,213,412,214,425,203,423,198,435,216,419
201,437,193,429,213,412,214,425,203,423,199,435,216,419
201,437,194,429,213,412,214,425,204,423,199,435,216,419
202,437,194,429,213,412,214,424,203,423,200,435,216,419
202,437,195,429,213,411,214,424,204,423,200,435,216,418
203,437,195,429,213,411,215,424,204,423,201,435,217,418
203,437,195,429,213,411,215,424,204,422,201,435,217,418
204,437,196,429,213,411,215,424,204,422,202,435,217,418
205,436,196,429,213,411,215,423,205,422,203,434,217,418
205,436,197,429,214,411,215,423,205,422,203,434,217,417
206,436,197,429,214,411,216,423,205,422,204,434,218,417
206,436,197,429,214,410,216,423,205,422,204,434,218,417
206,436,198,429,214,410,216,423,206,422,204,434,218,417
207,436,198,429,214,410,216,422,205,422,205,434,218,416
207,435,198,430,214,410,216,422,206,422,205,434,218,416
208,435,199,430,214,410,216,422,206,422,206,434,218,416
208,435,199,430,215,409,217,422,206,421,206,434,219,416
208,435,199,430,215,409,217,422,206,421,206,434,219,416
208,435,199,430,215,409,217,422,206,421,206,434,219,416
209,435,199,430,215,409,217,422,206,421,207,434,219,416
209,435,200,430,215,409,217,421,206,421,207,433,219,415
209,435,200,430,215,409,217,421,206,421,207,433,219,415
209,435,200,430,216,408,217,421,206,421,208,433,219,415
210,434,200,430,216,408,217,421,206,421,208,433,219,415
210,434,201,430,216,408,217,421,206,420,208,433,219,415
210,434,200,429,216,408,217,421,206,420,208,433,219,415
210,434,201,429,216,408,217,421,206,420,208,433,219,415
210,434,201,429,216,408,218,420,207,420,208,432,219,414
210,434,201,429,216,408,217,420,207,420,208,432,219,414
210,434,201,429,216,407,217,420,206,420,208,432,220,414
210,433,201,429,216,407,217,420,206,419,208,432,220,414
210,433,201,429,216,407,217,420,206,419,209,432,220,414
210,433,201,429,217,407,218,419,206,419,209,432,220,414
210,433,201,429,217,407,218,419,206,419,209,431,220,413
210,432,201,428,217,406,218,419,206,419,209,431,220,413
210,432,201,428,217,406,218,419,206,419,209,431,220,413
210,432,201,428,217,406,218,419,206,419,208,431,220,413
210,432,200,428,218,406,218,419,206,419,208,431,220,413
210,432,200,428,218,406,218,419,206,418,208,431,220,413
210,432,200,428,218,406,218,419,205,418,208,430,220,413
210,431,200,428,218,405,218,418,205,418,208,430,221,412
210,431,200,427,219,405,218,418,205,418,208,430,221,412
209,431,200,427,219,405,218,418,205,418,208,430,221,412
209,431,200,427,220,405,218,418,204,418,208,430,221,412
209,430,199,427,220,406,218,418,204,417,207,429,221,412
209,430,199,427,220,406,219,418,204,417,207,429,222,412
209,430,199,426,220,406,219,418,204,417,207,429,222,413
208,430,198,426,221,406,219,418,203,417,207,428,222,413
208,430,198,426,221,406,219,418,203,416,207,428,222,413
208,430,198,426,222,406,219,418,203,416,206,428,222,413
207,429,198,426,223,406,219,418,203,416,206,428,223,413
207,429,197,426,223,407,219,418,202,416,206,428,223,413
207,429,197,425,224,407,219,419,202,416,205,427,223,414
206,429,196,425,224,407,219,419,201,416,205,427,223,414
206,429,196,425,225,408,219,419,201,416,204,427,224,414
206,428,196,425,225,408,219,419,201,416,204,427,224,415
205,428,195,425,226,408,220,420,200,415,204,427,224,415
205,428,195,425,226,409,220,420,200,415,203,427,224,415
205,428,194,425,227,409,220,420,199,415,203,426,225,416
204,428,194,425,227,410,220,420,199,415,202,426,225,416
204,428,193,425,228,410,220,421,198,415,202,426,225,417
203,428,193,424,228,411,221,421,198,415,202,426,225,417
203,428,193,424,228,411,221,422,198,415,201,426,226,418
202,428,192,424,228,412,221,422,198,415,201,426,226,418
202,428,192,424,228,412,221,422,197,415,200,426,226,419
202,428,191,424,229,412,221,423,197,415,200,426,226,419
201,428,191,424,229,413,221,423,196,415,200,426,227,419
201,428,191,424,229,413,221,424,196,415,199,426,227,420
200,428,190,424,229,414,221,424,196,414,199,426,226,420
200,428,190,424,229,414,221,425,195,414,198,426,227,421
199,428,189,424,229,415,221,425,195,414,198,426,226,421
199,428,189,424,229,415,221,425,195,414,198,426,226,421
199,428,189,424,229,415,221,426,194,414,197,426,226,422
198,428,188,424,229,415,221,426,194,415,197,426,226,422
198,428,188,424,229,416,221,426,193,414,196,426,226,422
197,428,187,424,229,416,221,426,193,414,196,426,226,423
197,428,187,424,229,416,221,427,193,414,195,426,226,423
197,428,187,424,229,416,220,427,193,414,195,426,223,418
196,428,186,424,229,416,220,427,192,414,195,426,222,417
196,428,186,424,229,416,220,427,192,414,194,426,222,418
195,428,186,424,229,417,220,427,192,414,194,426,222,418
195,428,185,424,229,417,220,427,191,414,193,426,222,418
195,428,185,424,229,417,219,427,191,414,193,426,222,418
194,428,184,424,229,417,219,427,191,414,193,426,222,418
194,428,184,424,228,417,219,427,191,414,193,426,222,418
194,428,184,423,228,417,219,427,190,414,192,425,222,418
193,428,183,423,228,417,219,427,190,414,192,426,222,418
193,428,183,423,228,417,219,427,190,414,192,426,222,418
193,428,183,423,228,417,219,427,190,414,191,426,222,418
193,428,183,424,228,417,219,427,189,415,191,426,222,418
192,428,182,424,228,418,219,427,189,415,191,426,222,418
192,428,182,424,228,418,219,427,189,414,191,426,222,418
192,428,182,424,228,418,219,427,188,415,190,426,222,418
192,428,182,424,228,418,219,427,188,415,190,426,222,418
191,428,182,424,228,417,219,427,188,415,190,426,222,418
191,428,181,424,228,417,219,427,188,415,190,426,222,418
191,428,181,424,228,417,219,427,187,415,190,426,222,418
191,428,181,424,228,417,219,427,187,415,189,426,222,418
191,428,181,424,228,417,219,427,187,415,189,426,222,418
191,428,181,424,228,417,219,427,187,415,189,426,222,418
190,428,181,424,228,417,219,427,187,415,189,426,222,418
190,428,180,424,228,417,220,427,186,415,188,426,222,418
190,428,180,424,228,417,220,427,186,415,188,426,222,418
190,429,180,424,228,417,220,427,186,415,188,426,222,418
189,429,180,424,229,417,220,427,186,415,188,426,223,418
189,429,180,424,229,417,220,427,186,415,188,426,223,418
189,429,180,424,229,417,220,427,186,415,188,426,223,418
189,429,179,424,229,417,220,427,186,415,188,427,223,418
189,429,179,424,229,417,221,427,186,415,188,427,223,418
189,429,179,424,229,417,221,427,186,415,188,426,223,418
189,429,179,424,229,416,221,427,185,415,188,426,223,418
189,429,179,424,229,416,221,427,185,415,188,426,223,418
189,429,179,424,229,416,221,427,185,415,187,427,224,418
189,429,179,424,229,416,221,427,185,415,187,427,224,418
189,429,179,424,229,416,221,427,185,415,187,427,224,418
189,429,179,424,229,416,221,427,185,415,187,427,224,418
188,429,179,424,230,416,222,427,185,415,187,427,224,418
188,429,179,424,230,416,222,427,185,415,187,427,224,418
188,429,179,424,230,416,222,427,185,415,187,427,224,418
188,429,179,424,230,416,222,426,185,415,187,427,224,418
188,429,179,424,230,416,222,426,185,415,187,427,224,418
188,429,179,424,230,416,222,426,185,415,187,427,224,417
188,429,179,424,230,416,222,426,185,415,187,427,224,417
188,429,179,424,230,416,222,426,185,415,187,427,224,417
188,429,179,424,230,416,223,426,185,415,187,427,224,417
188,429,179,424,230,416,223,426,185,415,187,427,224,417
188,429,179,424,230,416,223,426,185,415,187,427,224,417
188,429,179,424,230,416,223,425,185,415,187,427,224,417
188,430,178,424,230,416,223,425,186,415,187,427,224,417
188,430,179,424,230,416,222,425,186,415,187,427,224,417
188,430,179,424,230,416,222,426,186,415,187,427,224,417
188,429,179,424,230,416,222,426,186,415,187,427,225,417
188,429,179,424,231,416,222,425,186,415,187,427,225,417
188,429,179,424,231,416,222,425,186,415,187,427,225,417
188,429,179,424,231,416,223,426,186,415,187,427,225,417
188,429,179,424,231,416,223,426,186,415,187,427,225,417
188,429,179,424,231,416,223,426,186,415,187,426,225,418
188,429,178,424,231,416,223,426,186,415,187,426,225,418
188,429,178,424,231,416,223,426,186,415,187,426,225,418
188,429,178,424,231,416,223,426,186,415,187,426,225,418
188,429,178,424,231,417,223,426,186,414,187,426,225,418
188,429,178,424,231,417,223,427,186,414,187,426,225,418
188,428,178,424,231,417,223,427,186,414,187,426,225,418
188,428,178,424,231,417,223,427,186,414,187,425,225,419
188,428,178,424,231,418,223,427,186,414,187,425,225,419
188,428,178,424,231,418,223,427,186,414,187,425,225,419
188,428,178,424,231,418,223,428,186,414,187,425,225,419
188,427,178,424,231,418,223,428,186,414,186,425,225,420
188,427,178,424,231,418,223,428,186,414,186,425,225,420
187,427,177,423,230,419,223,429,185,413,186,425,225,420
187,427,177,423,230,419,223,429,185,413,186,424,225,421
187,427,177,423,230,419,223,429,185,413,186,424,225,421
187,427,177,423,230,420,223,429,185,413,186,424,225,421
187,427,177,423,230,420,223,430,185,413,186,424,225,422
186,427,176,423,231,420,223,430,185,413,185,424,225,422
186,426,176,423,230,421,223,431,185,413,185,423,225,423
186,426,176,423,230,421,223,431,184,412,185,423,225,423
186,426,176,423,230,422,223,432,184,412,185,423,225,424
185,426,175,423,230,423,223,432,184,412,184,423,225,424
185,425,175,422,230,423,223,433,184,412,184,423,225,425
185,425,175,422,230,424,223,433,183,412,184,423,224,425
185,425,174,422,230,424,222,434,183,412,184,422,224,426
184,425,174,422,229,425,222,435,183,412,183,422,224,426
184,425,174,422,229,425,222,435,183,412,183,422,224,427
183,425,173,422,229,426,222,436,183,412,182,422,224,427
183,425,173,422,229,427,222,437,182,412,182,422,224,428
183,425,172,422,229,427,222,437,182,412,181,422,224,429
182,425,172,422,229,428,222,438,182,412,181,422,224,429
182,425,171,422,228,429,221,439,181,412,181,422,224,430
181,425,171,422,228,429,222,439,181,412,180,422,224,431
181,425,171,422,228,430,221,440,180,412,180,422,223,431
180,425,170,422,228,431,221,441,180,412,179,422,223,432
180,425,170,422,228,431,221,442,180,412,179,422,223,432
179,425,169,422,227,432,221,442,179,412,178,422,223,433
179,426,169,422,227,433,221,442,179,412,178,422,223,434
178,426,168,422,227,433,220,443,178,413,177,423,223,434
178,426,168,422,226,433,220,444,178,413,177,423,222,435
177,427,168,423,226,434,220,444,177,413,176,423,222,435
177,427,167,422,226,434,220,444,177,413,176,423,222,435
176,427,167,423,226,434,220,444,176,414,175,424,222,435
175,428,166,423,226,434,219,445,176,414,174,424,222,436
175,428,166,423,226,434,219,445,175,415,174,425,221,436
174,429,165,423,225,434,219,445,175,415,173,425,221,436
174,429,165,423,225,434,219,445,175,416,173,426,221,436
173,430,165,424,226,434,219,444,174,417,172,426,221,435
173,431,164,425,225,433,219,444,174,417,172,427,221,435
172,432,164,425,226,432,218,443,173,418,171,428,221,434
172,432,163,426,225,432,218,442,173,419,171,429,221,433
171,433,163,427,225,431,218,441,172,420,170,430,221,432
171,434,162,428,226,430,218,440,172,421,170,431,221,431
170,435,162,429,226,428,218,438,171,422,169,432,221,429
170,436,162,430,226,426,218,437,171,423,169,433,221,428
169,437,161,431,226,424,218,435,170,424,168,434,221,426
169,438,161,432,226,422,217,433,170,425,168,435,221,424
168,440,160,433,226,419,217,430,169,426,167,436,222,422
168,441,160,434,225,417,217,428,169,427,167,437,222,419
168,442,160,435,225,414,217,426,168,429,167,439,222,417
168,443,160,437,225,411,217,423,168,430,166,440,222,415
167,444,159,438,225,408,216,420,168,431,166,442,222,412
167,446,159,439,225,405,217,418,168,432,166,443,222,409
167,447,159,441,225,402,216,414,167,433,165,445,222,406
167,448,159,442,225,399,217,412,167,435,165,446,222,403
166,450,159,443,225,396,217,408,167,436,165,447,222,400
166,451,158,445,224,394,217,405,167,437,165,449,222,397
166,452,158,446,225,391,217,402,167,439,165,450,222,395
166,453,158,447,225,388,217,400,167,440,165,451,222,392
166,455,158,449,224,386,217,397,167,442,165,453,222,389
166,456,158,450,224,383,217,394,167,443,164,454,222,387
166,457,158,452,224,381,218,391,167,444,164,456,222,384
166,459,158,453,224,379,218,389,167,446,164,457,222,382
166,460,158,455,225,377,218,386,167,447,165,459,222,380
166,461,158,456,224,375,218,384,166,448,165,460,222,378
166,463,159,458,225,373,218,382,167,450,165,462,222,376
166,464,159,459,225,372,218,381,167,451,165,463,222,374
167,465,159,460,225,370,219,379,167,452,165,464,222,372
167,467,159,462,225,369,219,378,167,454,166,465,223,371
167,468,159,463,225,368,219,376,167,455,166,467,223,370
168,470,160,464,225,367,219,375,167,456,166,469,223,369
168,471,160,466,225,366,220,375,167,458,166,470,223,368
168,472,160,467,225,366,220,374,168,458,167,471,223,368
169,473,160,468,226,366,220,374,168,460,167,472,223,368
169,475,161,470,226,366,221,374,168,461,168,474,224,368
170,476,161,470,226,366,221,374,169,462,168,475,224,368
171,477,162,471,226,366,221,375,169,463,169,476,224,368
171,477,162,472,227,367,222,376,170,464,170,477,224,369
172,478,163,473,227,368,222,377,170,465,171,477,225,370
173,479,164,474,227,369,223,378,171,465,172,478,225,372
174,480,164,475,228,371,223,380,171,465,172,479,225,373
174,480,165,475,228,372,223,382,172,465,173,479,226,375
175,481,166,476,229,374,224,384,172,465,174,480,226,377
176,481,167,476,229,376,224,386,173,465,175,481,227,379
177,481,168,477,230,379,225,389,174,465,176,481,227,382
178,482,169,477,230,382,225,392,174,466,177,481,228,385
178,481,170,477,231,385,226,396,175,465,177,480,229,388
179,482,171,477,232,388,226,399,176,465,178,481,229,392
180,481,172,476,232,391,227,403,178,465,179,480,230,395
180,481,173,475,234,394,228,408,178,464,179,480,230,400
182,479,174,474,234,398,228,413,179,463,181,478,231,404
183,478,175,473,235,403,229,417,181,461,181,477,231,409
184,476,176,471,236,407,230,422,182,460,183,475,232,413
185,473,177,468,237,411,230,426,182,457,184,472,233,417
191,465,178,465,238,416,231,432,183,454,185,469,233,422
192,460,178,462,238,421,232,437,185,450,187,465,234,426
193,454,179,456,239,425,232,442,186,445,188,459,234,431
196,454,180,450,240,431,234,448,187,440,189,453,234,436
197,444,181,447,240,436,234,454,189,434,191,447,234,440
198,436,186,437,241,440,234,459,189,429,192,416,235,444
198,428,186,431,241,443,235,463,197,417,193,407,235,448
199,420,186,425,241,447,235,466,198,407,190,420,235,452
200,410,186,409,240,449,236,470,199,398,190,410,234,452
200,401,186,399,240,449,237,473,199,388,190,399,234,451
200,391,186,391,245,464,237,476,200,378,191,389,234,451
199,381,186,378,245,465,237,478,200,367,191,377,239,463
198,371,186,368,244,467,237,480,200,356,190,367,238,464
198,361,187,358,244,468,237,481,200,346,190,359,238,466
197,352,187,350,244,469,236,482,202,336,189,352,238,467
194,344,186,342,244,469,236,483,200,325,188,343,238,469
192,337,186,336,243,469,236,484,201,318,187,337,238,470
190,332,186,330,243,470,235,484,202,307,187,331,237,470
188,328,185,325,243,470,235,484,204,297,186,326,237,471
187,324,184,322,242,470,234,484,204,286,185,323,236,471
186,321,183,319,242,470,234,484,204,277,184,320,236,471
185,319,182,317,241,470,233,484,205,268,183,318,235,471
184,318,181,316,240,470,232,484,205,259,182,317,234,471
183,318,181,316,239,470,231,484,206,250,181,317,233,471
181,319,180,317,238,470,231,483,206,242,180,318,233,471
181,321,179,319,237,470,229,483,207,234,180,320,232,470
180,324,178,322,236,469,228,482,207,226,179,322,231,469
179,327,178,325,235,468,227,481,208,218,178,326,230,468
177,332,177,330,234,467,225,479,208,210,177,331,228,467
177,337,176,335,234,464,224,478,209,203,176,336,227,465
184,341,175,341,234,462,223,475,209,195,175,342,226,463
182,347,177,345,234,459,221,472,210,188,174,349,224,459
181,354,176,351,233,457,220,469,210,181,173,355,218,448
180,361,175,358,223,454,218,464,211,175,172,362,212,448
178,370,173,366,220,448,217,458,211,168,171,370,221,449
177,379,172,375,219,443,215,452,212,162,169,379,219,443
177,387,171,383,219,436,212,444,212,155,165,387,219,436
176,394,173,391,218,427,210,436,213,149,172,395,218,427
176,401,172,397,217,418,209,427,213,143,171,404,217,418
174,408,171,408,217,409,208,418,214,137,170,412,216,409
170,422,169,416,216,399,207,409,214,131,169,419,216,399
169,430,169,424,215,389,207,400,215,126,168,428,215,389
168,438,168,433,214,379,208,391,215,120,167,437,214,391
167,446,167,439,214,368,208,382,216,115,166,445,214,382
167,453,167,445,214,358,208,375,216,110,166,452,213,374
166,459,164,460,214,349,209,368,217,105,166,458,213,367
167,465,164,466,215,339,210,363,217,100,166,465,214,361
167,470,164,469,214,329,211,358,218,95,166,469,214,357
168,473,164,470,214,321,212,355,218,90,167,473,216,354
168,475,164,471,213,312,214,353,218,86,168,475,217,352
170,478,165,472,212,304,215,352,219,81,169,478,219,351
171,479,166,473,211,293,217,353,219,77,170,479,220,351
172,480,167,473,210,284,219,354,220,73,171,479,222,353
173,480,167,473,210,276,220,357,220,69,172,480,223,356
174,480,168,473,209,268,222,361,221,65,174,480,225,359
176,480,169,473,209,260,224,366,221,62,175,480,227,364
176,479,170,473,209,253,225,371,222,58,175,479,228,370
177,477,171,472,208,245,227,378,222,54,176,477,230,377
178,476,172,471,208,238,228,385,222,51,177,476,232,384
179,473,182,464,208,231,229,393,223,48,179,473,233,390
180,470,183,459,207,224,230,401,223,45,179,470,234,397
182,466,183,457,207,218,232,410,224,42,181,466,235,406
182,461,184,453,206,211,234,418,224,39,181,461,238,415
184,456,185,448,206,205,234,426,225,36,183,455,239,422
184,449,185,443,206,199,236,433,225,34,184,449,240,430
184,438,186,437,205,193,237,440,225,31,239,454,241,436
184,429,185,428,205,187,238,445,226,29,187,434,241,442
185,421,186,419,205,181,239,451,226,26,188,425,242,447
185,412,187,410,204,175,239,467,227,24,188,416,241,452
186,402,187,401,204,170,239,472,227,22,188,408,241,456
184,380,186,390,204,165,239,476,228,20,187,400,240,458
192,391,191,375,203,160,238,478,228,18,185,393,240,460
191,383,191,365,203,155,238,481,228,17,185,386,240,470
190,377,191,356,202,150,237,482,229,15,185,380,239,471
189,372,192,347,202,145,236,483,229,14,184,374,239,473
189,368,193,339,202,141,235,483,230,12,183,371,238,473
188,365,194,329,201,136,234,483,230,11,182,368,236,474
187,364,194,328,201,132,233,483,231,10,181,367,235,474
186,363,196,311,201,128,232,483,231,9,180,366,234,473
184,364,196,302,200,124,231,482,231,8,178,367,233,473
183,366,197,294,200,120,229,481,232,7,177,369,232,471
182,369,198,286,200,116,229,479,232,7,176,371,231,469
181,373,198,278,199,113,227,477,233,6,175,375,230,468
180,378,199,270,199,109,226,474,233,6,174,380,229,464
179,383,200,263,199,106,225,470,234,5,173,386,227,461
178,389,201,255,198,103,223,466,234,5,172,392,227,456
177,396,202,248,198,100,222,460,234,5,171,399,226,452
176,403,203,241,198,97,224,454,235,5,171,406,225,445
175,409,203,234,197,94,222,446,235,5,169,414,224,440
174,417,204,228,197,91,221,438,236,5,170,420,223,433
174,423,205,221,197,89,220,430,236,5,170,426,222,427
174,430,206,215,196,86,220,422,237,6,168,439,221,420
173,438,206,209,196,84,219,412,237,6,167,446,220,410
173,445,207,203,196,82,219,402,238,7,167,453,220,400
175,450,208,197,195,80,215,388,238,8,166,460,219,391
175,451,209,191,195,78,214,378,238,8,166,468,219,388
175,451,209,186,195,76,213,368,239,9,166,473,223,385
175,450,210,180,194,74,213,358,239,10,166,478,224,380
170,478,211,175,194,73,212,348,240,12,167,481,225,376
171,480,212,170,194,71,211,340,240,13,168,484,227,374
172,482,212,165,193,70,210,330,241,14,169,486,229,372
173,483,213,161,193,69,210,323,241,16,170,487,231,372
174,484,214,156,193,68,210,314,242,17,171,488,232,373
175,484,215,151,192,66,208,306,242,19,173,488,234,375
176,484,215,147,192,65,209,295,243,21,174,488,237,378
177,483,216,143,191,65,208,286,243,23,175,487,239,382
178,483,217,139,191,64,207,278,244,25,176,486,241,387
179,481,217,135,191,63,207,271,244,28,177,485,243,393
180,480,218,131,190,63,206,263,245,30,178,484,246,401
181,478,219,127,190,63,206,256,245,32,179,482,248,409
182,475,219,124,190,63,205,248,246,35,181,480,252,420
183,473,220,120,189,62,205,241,246,38,182,477,254,427
184,469,221,117,189,62,204,234,247,41,183,473,251,430
184,465,222,114,189,63,203,227,247,44,184,468,252,438
185,460,222,111,188,63,203,221,248,47,184,463,253,445
186,453,223,108,188,63,202,215,248,50,185,456,254,451
186,446,224,106,187,64,202,208,249,53,186,449,254,456
187,439,224,103,187,64,201,202,249,57,187,441,254,460
187,432,225,100,187,65,201,196,250,60,187,433,254,464
188,426,226,98,186,66,200,191,250,64,187,426,253,467
188,419,226,96,186,67,200,185,251,68,179,424,252,471
188,410,227,94,185,68,199,180,251,72,192,412,252,472
189,399,228,92,185,69,199,174,252,76,191,404,251,474
195,381,228,90,185,70,198,169,252,80,193,389,250,474
195,371,229,88,184,72,198,164,253,85,187,387,249,475
196,361,230,86,184,73,197,159,253,89,187,382,247,475
200,349,230,85,184,75,197,155,254,94,186,379,246,474
198,344,231,83,183,76,196,150,255,99,184,377,244,473
197,332,232,82,183,78,195,146,255,104,183,376,243,472
199,327,232,81,182,80,195,142,256,109,181,376,242,469
202,320,233,80,182,82,194,138,256,114,180,377,240,467
202,313,234,79,182,85,194,134,257,119,178,380,239,463
200,301,234,78,181,87,193,130,257,125,177,383,238,459
202,293,235,77,181,89,193,126,258,131,176,388,236,454
202,285,236,77,180,92,192,122,259,136,175,392,235,448
203,277,236,76,180,94,192,119,259,142,174,395,236,446
204,269,237,76,179,97,191,115,260,148,174,400,233,435
204,262,238,76,179,100,191,112,260,155,173,407,232,427
205,255,238,76,179,103,190,109,261,161,176,425,231,418
206,248,239,76,178,106,190,106,262,168,176,431,231,409
207,242,240,76,178,110,189,103,262,175,176,438,230,399
207,235,240,76,177,113,189,101,263,182,176,444,230,389
208,229,241,76,177,117,188,98,263,189,176,473,230,378
209,222,242,77,176,120,188,96,264,196,175,473,229,369
209,216,242,77,176,124,187,93,265,204,177,462,228,359
210,210,243,78,175,128,187,91,265,211,177,466,228,350
211,205,244,79,175,132,186,89,266,219,178,469,227,340
211,199,244,80,175,136,186,87,267,227,179,471,227,331
212,194,245,81,174,140,185,85,267,235,180,473,226,322
213,189,246,82,174,145,185,84,268,244,181,474,226,313
214,184,246,83,173,149,184,82,268,252,181,473,225,304
214,179,247,85,173,154,184,81,269,261,182,473,224,296
215,174,248,86,172,159,183,79,270,270,184,472,224,288
215,169,249,88,172,164,183,78,270,279,184,471,223,280
216,165,249,89,171,169,182,77,271,288,185,469,223,272
217,161,250,91,171,174,182,76,272,297,185,466,222,264
218,156,251,93,170,180,181,75,272,307,186,462,222,257
218,152,252,95,170,185,181,75,273,317,187,458,221,249
219,148,252,98,169,191,180,74,273,327,187,453,221,242
219,145,253,100,169,197,180,73,274,337,188,446,220,235
220,141,254,102,168,202,179,73,274,347,189,439,220,228
221,138,254,105,168,209,179,73,275,358,186,429,219,222
221,134,255,108,167,215,178,72,276,369,181,418,219,215
222,131,256,110,167,221,178,72,277,380,183,412,218,209
222,128,256,113,166,228,177,72,276,392,184,404,218,203
223,125,257,116,166,235,177,73,275,401,192,389,217,197
224,122,258,120,165,241,176,73,274,407,193,378,217,191
224,120,259,123,165,248,175,73,274,413,193,368,216,185
225,117,260,126,164,256,175,74,272,418,195,357,215,180
225,115,260,130,164,263,174,74,271,424,197,347,215,174
226,112,261,134,163,270,174,75,269,428,198,337,214,169
227,110,262,138,163,278,173,76,268,433,201,333,214,164
227,108,263,141,162,286,173,77,267,437,203,323,213,159
228,106,263,146,162,294,172,78,264,447,201,314,213,154
228,104,264,150,161,302,172,79,261,450,201,302,212,150
229,102,265,154,161,310,171,80,258,453,202,294,212,145
230,101,266,159,160,318,171,82,256,455,202,285,211,140
230,99,266,163,160,327,170,83,254,455,203,277,211,136
231,98,267,168,159,336,169,85,252,456,204,269,210,132
231,97,268,173,159,345,169,87,250,455,205,261,210,128
232,96,269,178,158,354,168,89,248,454,206,253,209,124
232,95,270,183,157,363,168,91,246,451,207,245,209,121
233,94,270,189,156,373,167,93,244,448,208,238,208,117
234,93,271,194,156,382,166,95,243,444,209,231,208,114
234,92,272,200,155,391,166,98,241,439,210,224,207,110
235,92,273,205,155,398,165,100,239,432,211,217,207,107
235,91,274,211,156,404,165,103,239,425,212,210,206,104
236,91,275,217,157,410,164,105,240,418,213,204,206,101
236,91,276,224,158,416,163,108,239,409,214,197,205,99
237,91,276,230,159,422,163,111,239,398,215,191,205,96
238,90,277,236,160,434,162,114,237,389,215,185,204,93
238,91,278,243,161,439,162,118,235,378,216,179,204,91
239,91,279,250,163,445,161,121,234,368,217,173,203,89
239,91,280,257,165,450,160,124,234,357,218,168,203,87
240,92,280,264,167,455,160,128,233,348,219,162,202,85
240,92,281,271,169,459,159,132,232,339,220,157,202,83
241,93,282,279,170,462,158,135,232,330,220,152,201,81
242,94,283,286,172,465,158,139,231,321,221,147,201,79
242,94,284,294,173,467,157,143,231,312,222,143,200,78
243,95,284,302,175,468,156,148,230,303,223,138,200,76
243,96,285,310,177,469,156,152,229,295,223,133,199,75
244,98,286,318,178,469,155,156,229,286,224,129,199,74
244,99,287,327,179,469,154,161,228,278,225,125,198,73
245,100,288,335,180,468,154,166,228,270,226,121,198,72
246,102,289,344,182,467,153,171,227,263,227,117,197,71
246,103,289,353,182,464,152,176,227,255,227,113,197,70
247,105,290,362,183,462,152,181,226,247,228,109,196,69
247,107,291,371,184,458,151,186,225,240,229,106,196,69
248,109,292,380,185,453,150,192,225,233,230,102,195,68
248,111,293,390,185,447,149,197,224,226,230,99,195,68
249,113,293,397,186,440,149,203,224,220,231,96,194,68
250,116,293,402,187,433,148,209,223,213,232,93,194,68
250,118,293,408,186,426,147,215,222,206,233,90,193,68
251,120,292,413,187,415,147,221,222,200,233,87,193,68
251,123,290,418,186,405,146,227,221,194,234,84,192,69
252,126,289,423,187,397,145,233,221,188,235,82,192,69
253,128,287,427,193,382,144,240,220,183,236,79,191,70
253,131,284,431,193,371,144,247,219,177,236,77,191,70
254,135,281,435,194,361,143,254,219,171,237,75,190,71
254,138,278,439,196,351,142,260,218,166,238,73,190,72
255,141,275,442,196,343,141,268,218,161,238,71,189,73
256,144,274,450,195,333,141,275,217,156,239,69,189,74
256,148,270,452,197,323,140,283,217,151,240,67,188,75
257,151,267,455,199,313,139,290,216,146,241,66,188,77
258,155,263,456,198,304,139,298,215,142,241,64,187,78
258,159,261,457,200,295,138,306,215,137,242,63,187,80
259,163,258,458,200,286,137,314,214,133,243,62,186,81
259,167,255,458,201,277,136,322,214,129,244,60,185,83
260,171,253,457,202,269,136,330,213,125,244,59,185,85
261,176,251,456,203,261,135,339,213,121,245,58,184,87
261,180,249,454,203,254,134,348,212,117,246,58,184,89
262,185,247,452,204,246,134,357,211,113,247,57,183,92
263,189,246,448,205,238,133,366,211,110,247,56,183,94
263,194,245,443,205,231,134,374,210,106,248,56,182,97
264,199,244,438,206,224,134,380,210,103,249,55,182,99
265,204,242,432,207,217,133,387,209,100,249,55,181,102
265,209,242,424,208,210,132,393,209,97,250,55,181,105
266,214,241,416,208,204,132,399,208,94,251,55,180,108
266,220,240,410,209,197,132,405,207,91,252,55,179,112
267,225,239,403,210,191,134,418,207,89,252,55,179,115
268,231,239,395,210,185,135,424,206,86,253,55,178,118
268,237,243,381,211,179,138,431,206,84,254,56,178,122
269,243,240,367,212,173,140,437,205,82,254,56,177,126
270,249,239,357,212,168,142,443,205,80,255,57,176,130
270,255,238,347,213,162,145,449,204,77,256,57,176,134
271,261,238,338,214,157,147,454,204,75,257,58,175,138
272,268,237,329,214,152,150,459,203,74,257,59,175,142
272,274,236,320,215,146,154,463,203,72,258,60,174,146
273,281,236,311,216,142,157,467,202,71,259,61,173,151
274,288,235,302,216,137,159,469,202,69,260,63,173,155
274,294,235,294,217,132,162,471,201,68,260,64,172,160
275,302,234,285,217,128,165,472,201,67,261,65,172,165
275,309,233,277,218,123,167,472,200,66,262,67,171,170
276,316,233,269,219,119,169,472,199,65,262,68,170,176
277,324,232,261,219,115,172,471,199,64,263,70,170,181
277,331,232,254,220,111,174,470,198,63,264,72,169,186
278,339,231,246,221,107,176,468,198,63,265,74,168,192
279,347,230,239,221,104,177,466,197,62,265,76,168,198
279,355,230,232,222,100,179,463,197,62,266,78,167,204
280,363,229,225,222,97,181,459,196,62,267,80,166,210
280,371,229,218,223,93,183,454,196,62,268,83,166,216
281,379,228,211,224,90,184,447,195,62,269,85,165,223
282,388,227,205,224,87,186,441,195,62,269,88,164,229
282,397,227,198,225,84,185,433,194,62,270,91,164,236
283,404,226,192,225,82,189,424,193,62,271,93,163,243
281,410,225,186,226,79,189,415,193,63,272,96,162,250
280,415,225,180,227,76,193,401,192,63,273,99,161,258
280,421,224,174,227,74,194,391,192,64,273,103,161,265
279,426,224,168,228,72,195,381,191,65,274,106,160,273
278,431,223,163,228,69,196,370,191,66,275,109,159,280
275,441,223,158,229,67,197,360,190,67,276,113,158,288
272,445,222,152,230,65,197,350,189,68,277,116,158,297
269,449,221,147,230,63,196,341,189,69,277,120,157,305
267,452,221,142,231,62,201,335,188,71,278,124,156,313
264,455,220,138,231,60,202,325,188,72,279,128,156,322
261,458,220,133,232,59,202,317,187,74,280,132,155,331
258,460,219,129,232,57,203,308,187,75,281,136,154,340
256,461,218,124,233,56,204,299,186,77,282,141,154,349
254,461,218,120,234,55,205,291,185,80,283,145,153,359
251,461,217,116,234,54,206,283,185,82,283,150,152,369
250,460,217,112,235,53,207,275,184,84,284,154,152,381
248,459,216,108,235,52,208,267,183,86,285,159,151,384
246,457,216,104,236,51,209,259,183,89,286,164,150,392
244,454,215,101,236,51,210,252,182,91,287,169,150,399
243,450,215,97,237,50,211,244,182,94,288,174,150,405
242,446,214,94,237,50,212,237,181,97,289,180,149,412
242,440,214,91,238,50,213,230,180,100,289,185,149,418
241,434,213,87,239,49,214,223,180,103,290,191,149,431
240,427,212,84,239,49,215,217,179,107,291,196,149,438
247,420,212,81,240,49,216,210,178,110,292,202,151,444
246,411,211,79,240,49,217,204,178,113,293,208,152,450
246,402,211,76,241,50,218,197,177,117,294,214,154,457
245,393,210,74,242,50,219,191,177,121,295,220,156,462
246,384,210,71,242,51,220,186,176,125,296,227,159,468
242,371,209,69,243,51,221,180,175,129,296,233,161,472
241,361,209,67,243,52,221,174,175,133,297,240,164,475
241,351,208,65,244,53,222,169,174,138,298,246,166,477
240,342,208,63,245,54,223,163,173,142,299,253,169,479
239,333,207,61,245,55,224,158,172,146,300,260,171,480
239,324,206,60,246,56,225,153,172,151,301,267,174,480
238,315,206,58,246,57,226,148,171,156,302,275,176,480
238,307,205,57,247,58,227,144,171,161,303,282,179,479
237,298,205,55,247,60,228,139,170,166,303,290,181,478
237,290,204,54,248,61,228,135,169,172,304,297,183,477
236,282,204,53,249,63,229,130,168,177,305,305,185,474
235,274,203,52,249,65,230,126,168,183,306,313,186,472
235,266,203,51,250,67,231,122,167,189,307,321,188,467
234,259,202,50,250,69,232,118,166,195,308,330,190,463
234,251,202,50,251,71,233,114,166,201,309,338,192,458
233,244,201,49,252,73,234,111,165,207,309,347,193,452
233,237,200,49,252,76,235,107,164,213,310,356,195,445
232,230,200,49,253,78,235,104,163,220,311,365,195,437
231,223,199,48,254,80,236,100,162,227,311,372,196,428
231,216,199,48,254,83,237,97,162,234,311,377,196,420
230,210,198,48,255,86,238,94,161,241,311,382,197,406
230,203,198,48,255,89,239,91,160,248,310,387,198,395
229,197,197,49,256,92,240,89,160,256,310,391,198,385
229,191,197,49,257,95,240,86,159,263,309,396,199,374
228,185,196,50,257,98,241,83,158,271,307,401,200,363
227,180,195,50,258,102,242,81,157,279,306,406,199,354
227,174,195,51,259,105,243,79,156,287,305,410,203,343
226,168,194,52,259,109,244,77,156,295,303,415,202,331
226,163,194,53,260,112,244,74,155,304,300,420,203,322
225,158,193,54,261,116,245,73,154,312,298,425,203,314
225,153,193,55,261,120,246,71,153,321,295,430,203,305
224,148,192,57,262,124,247,69,153,330,292,435,204,297
223,143,191,58,263,129,248,67,152,339,289,439,204,288
223,139,191,60,263,133,249,66,151,348,285,443,205,279
222,134,190,61,264,137,249,65,150,358,282,447,205,271
222,130,190,63,265,142,250,63,149,368,278,450,206,263
221,126,189,65,265,146,251,62,148,377,275,453,206,255
221,122,188,67,266,151,252,61,147,385,272,454,207,247
220,118,188,69,267,156,253,60,146,392,269,455,207,240
220,114,187,71,267,161,254,59,145,398,266,456,208,233
219,110,187,74,268,166,255,59,144,403,264,455,208,225
218,107,186,76,269,172,255,58,143,410,261,454,209,219
218,103,185,79,269,177,256,58,143,416,259,452,209,212
217,100,185,82,270,183,257,58,143,422,258,449,210,205
217,97,184,85,271,189,258,57,146,433,256,446,210,199
216,94,184,88,272,195,259,57,146,438,255,442,211,192
216,91,183,91,272,201,260,57,147,444,254,437,211,186
215,88,182,94,273,207,261,57,148,450,253,430,212,180
215,85,182,98,274,213,261,58,149,455,253,423,212,174
214,83,181,101,275,220,262,58,151,462,252,414,213,169
214,80,180,105,276,226,263,58,152,467,251,406,213,163
213,78,180,109,276,233,264,59,153,471,251,397,214,158
213,76,179,113,277,240,265,60,156,473,251,388,214,153
212,74,178,116,277,247,266,61,158,478,251,381,215,148
212,72,178,121,278,254,267,62,160,480,247,371,215,143
211,70,177,125,279,261,268,63,162,482,246,361,216,138
211,68,176,130,280,269,269,64,164,483,245,351,216,134
210,66,176,134,280,276,269,65,171,479,244,342,217,129
210,65,175,139,281,284,270,66,173,479,243,333,217,125
209,63,174,144,282,292,271,68,175,479,242,324,218,121
208,62,174,149,282,300,272,70,178,479,241,316,218,117
208,61,173,154,283,308,273,71,180,478,240,307,219,113
207,60,172,160,284,316,274,73,182,476,239,299,219,109
207,59,171,165,285,325,275,75,184,475,239,291,220,105
206,58,171,171,285,333,276,77,187,471,238,283,220,102
206,57,170,176,286,342,277,80,188,468,237,275,220,98
205,57,169,182,287,351,278,82,190,464,236,268,221,95
205,56,168,188,287,360,279,85,191,459,235,260,221,92
204,56,168,195,288,370,280,87,192,453,234,253,222,89
204,56,167,201,288,379,281,90,194,446,234,246,222,86
203,56,166,208,289,388,282,93,194,439,233,240,223,83
203,56,165,215,290,398,283,96,195,431,232,233,223,81
202,56,164,221,291,408,284,99,196,423,231,227,223,78
202,56,164,229,291,419,285,102,197,417,231,221,224,76
201,56,163,236,291,427,286,106,200,398,230,215,224,73
200,57,162,243,289,432,287,109,200,387,229,209,225,71
200,57,161,251,292,446,288,113,201,377,228,203,225,69
199,58,161,259,290,451,289,116,202,367,228,197,226,67
199,59,160,267,287,455,290,120,203,355,227,192,226,65
198,60,159,275,285,459,291,124,202,347,226,187,226,64
198,61,158,283,283,462,292,128,207,335,225,182,227,62
197,62,158,291,281,465,293,133,208,324,225,177,227,61
197,63,157,300,278,466,294,137,208,319,224,172,228,59
196,64,156,309,276,467,295,142,208,311,223,167,228,58
195,66,155,318,274,468,296,147,208,300,223,163,228,57
195,68,154,327,272,468,297,151,208,293,222,158,229,56
194,69,154,336,271,467,298,156,209,284,221,154,229,55
194,71,153,346,269,466,299,161,210,276,220,150,230,54
193,73,152,356,268,464,300,167,210,268,220,146,230,54
193,75,151,365,266,460,301,172,211,260,219,142,231,53
192,78,150,372,265,456,302,178,212,253,218,138,231,53
191,80,149,378,264,450,304,183,213,245,217,135,231,52
191,82,148,384,264,444,305,189,213,238,217,131,232,52
190,85,147,390,264,436,306,195,214,231,216,128,232,52
190,88,147,396,264,428,307,202,215,224,215,125,233,52
189,91,147,402,263,419,308,208,215,217,215,122,233,52
189,94,147,409,262,410,309,215,216,211,214,119,234,52
188,97,149,424,262,400,311,221,217,205,213,116,234,52
187,100,150,430,262,391,312,228,218,198,213,114,234,53
187,103,152,437,263,385,313,235,218,192,212,111,235,53
186,107,154,444,257,368,314,242,219,186,211,109,235,54
185,110,156,450,255,357,315,250,220,181,211,106,236,55
185,114,159,455,254,348,316,257,220,175,210,104,236,56
184,118,162,460,253,339,317,265,221,170,209,102,237,57
183,122,180,442,252,330,318,273,222,164,209,100,237,58
183,126,169,465,251,321,319,281,222,159,208,98,237,59
182,131,171,467,250,312,321,289,223,154,207,97,238,60
182,135,175,470,249,303,322,298,223,150,207,95,238,61
181,140,177,471,248,295,323,306,224,145,206,94,239,63
180,145,180,472,247,287,324,315,225,141,205,92,239,64
180,150,183,473,245,279,325,324,225,136,205,91,239,66
179,155,185,473,244,271,326,333,226,132,204,90,240,68
178,160,187,473,243,264,327,342,226,128,203,89,240,70
178,165,189,472,242,256,329,352,227,124,203,88,241,72
177,171,191,470,241,249,330,362,228,120,202,87,241,74
176,176,193,467,240,242,331,371,228,116,201,87,242,76
175,182,195,465,239,235,330,383,229,113,201,86,242,79
175,188,197,461,238,228,333,389,230,109,200,86,243,81
174,194,198,456,237,222,332,396,230,106,200,85,243,84
173,201,199,450,236,215,331,401,231,103,199,85,243,86
173,207,200,443,235,209,330,405,231,100,198,85,244,89
172,214,200,435,234,203,329,409,232,97,198,85,244,92
171,221,200,427,233,197,327,413,233,94,197,85,245,95
170,228,204,416,232,191,326,416,233,92,196,85,245,98
170,235,204,405,231,186,324,419,234,89,196,85,246,101
169,242,205,394,230,180,322,421,234,87,195,86,246,105
168,250,205,384,229,175,320,423,235,84,194,86,247,108
167,258,206,373,228,170,318,425,236,82,194,87,247,112
167,265,207,362,227,165,316,427,236,80,193,88,248,115
166,273,206,353,227,160,314,429,237,78,192,88,248,119
165,282,210,338,226,155,312,430,237,76,192,89,249,123
164,290,210,331,225,151,309,431,238,75,191,90,249,127
164,299,209,324,224,147,307,432,238,73,190,91,249,131
163,308,211,314,223,142,304,432,239,72,190,93,250,136
162,316,210,306,222,138,302,433,240,70,189,94,250,140
161,326,213,296,221,134,299,433,240,69,189,96,251,145
161,335,213,287,220,131,297,432,241,68,188,97,251,150
160,345,213,278,219,127,294,432,241,67,187,99,252,154
159,354,214,270,218,124,292,431,242,66,186,101,252,159
158,364,214,262,217,120,290,430,243,65,186,103,253,164
157,374,215,254,216,117,288,429,243,64,185,105,253,169
156,385,215,246,216,114,286,428,244,64,185,107,254,175
154,390,216,238,215,111,284,427,244,63,184,109,254,180
153,392,216,231,214,108,282,426,245,63,183,111,255,186
151,395,217,224,213,105,281,425,245,63,183,114,255,192
151,397,217,217,212,103,279,423,246,63,182,116,256,197
151,399,218,210,211,100,278,422,247,63,181,119,256,203
151,401,218,203,210,98,277,421,247,63,180,122,257,209
152,402,218,197,209,95,276,420,248,63,180,125,257,215
153,403,219,190,209,93,275,419,248,63,179,128,258,222
153,404,219,184,208,91,279,422,249,64,179,131,258,228
154,404,220,178,207,89,278,420,249,64,178,134,259,235
156,405,220,172,206,88,277,419,250,65,177,137,260,242
157,404,220,167,205,86,276,419,251,65,176,141,260,249
158,404,221,161,204,84,276,418,251,66,176,144,261,256
159,404,221,156,204,83,275,418,252,67,175,148,261,263
160,403,222,151,203,81,275,417,252,68,174,152,262,270
162,402,222,146,202,80,275,416,253,69,173,156,262,278
163,400,222,141,201,79,275,416,254,71,173,160,263,286
164,398,223,136,200,78,275,415,254,72,172,164,263,293
164,397,223,131,200,77,275,414,255,73,171,168,263,301
165,394,223,127,199,77,276,413,255,75,171,172,264,309
165,393,224,122,198,76,276,412,256,77,170,177,264,318
165,391,224,118,197,75,277,411,257,78,169,181,265,326
165,389,225,114,196,75,277,411,257,80,168,186,265,334
165,387,225,110,195,75,277,410,258,82,168,191,266,343
166,384,225,107,195,75,278,408,258,84,167,196,266,352
166,382,226,103,194,75,278,407,259,87,166,201,267,361
166,380,226,99,193,75,278,406,260,89,165,206,267,370
166,378,226,96,192,75,278,405,260,91,165,211,268,379
166,376,227,93,191,75,278,404,261,94,164,217,268,388
166,374,227,90,190,75,279,403,262,97,163,223,266,399
165,372,228,87,190,76,279,402,262,99,162,228,266,400
165,371,228,84,189,76,279,402,263,102,161,234,267,400
165,369,228,81,188,77,279,403,263,105,161,240,267,399
165,368,229,78,187,78,280,403,264,108,160,246,268,399
164,367,229,76,186,79,280,403,265,112,159,252,267,398
163,366,229,73,186,80,280,403,265,115,158,259,267,397
163,365,230,71,185,81,280,402,266,118,158,265,267,397
162,364,230,69,184,82,280,401,267,122,157,272,267,397
161,363,230,67,183,83,281,400,267,126,156,279,267,396
160,362,231,65,182,84,281,399,268,129,155,286,267,396
159,362,231,63,181,86,281,398,269,133,155,293,267,395
158,361,231,62,180,88,281,397,269,137,154,300,267,395
157,361,232,60,179,89,281,395,270,141,153,307,267,394
156,361,232,58,179,91,281,394,271,146,153,315,267,393
155,360,232,57,178,93,281,392,271,150,152,322,267,393
154,360,233,56,177,95,281,391,272,154,151,330,267,392
153,360,233,55,176,97,281,390,273,159,150,338,267,392
153,360,233,54,175,100,281,388,273,164,150,346,267,392
152,360,234,53,174,102,281,387,274,169,152,357,267,391
151,361,234,52,173,105,281,386,275,174,151,358,268,391
151,361,234,51,173,107,282,385,275,179,150,358,268,391
151,361,235,50,172,110,282,384,276,184,150,358,269,391
150,362,235,50,171,113,283,382,277,189,150,359,270,391
150,362,235,50,170,116,283,382,277,195,149,359,270,390
149,362,236,49,169,119,284,381,278,200,149,359,271,390
149,362,236,49,168,122,285,380,279,206,148,359,272,390
149,362,236,49,167,125,285,379,280,212,148,359,272,389
149,363,237,49,166,129,286,379,280,218,148,360,273,389
148,363,237,49,166,132,287,379,281,224,148,360,274,388
148,363,237,49,165,136,287,378,282,230,147,360,275,388
148,363,238,50,164,139,288,378,283,237,147,360,276,388
148,363,238,50,163,143,289,377,283,243,147,360,276,387
147,363,239,51,162,147,289,377,284,250,146,360,277,387
147,362,239,52,161,151,290,376,285,257,146,359,278,387
147,362,239,52,160,155,291,376,285,264,145,359,279,386
146,362,240,53,159,160,291,376,286,271,145,358,280,386
146,361,240,54,158,164,292,376,287,278,145,358,281,386
146,361,240,55,157,168,293,376,287,285,144,358,281,386
145,361,241,56,156,173,293,376,288,293,144,358,282,386
144,360,241,58,156,178,294,376,289,300,143,357,282,386
144,360,241,59,155,183,294,376,289,308,142,357,283,386
143,360,242,60,154,188,295,376,290,316,142,357,283,385
143,360,242,62,153,193,295,376,291,324,141,357,284,385
142,359,242,64,152,198,296,376,291,332,141,356,284,385
142,359,243,66,151,204,296,376,292,341,140,356,284,385
141,359,243,67,150,209,296,375,292,349,139,356,285,385
140,359,243,69,149,215,296,375,293,357,139,356,285,385
140,358,244,71,148,221,296,372,292,376,138,356,285,385
139,358,244,74,147,226,296,370,292,376,137,356,285,384
138,358,245,76,146,232,295,372,292,377,137,355,285,384
138,358,245,78,145,239,295,373,292,378,136,355,285,385
137,357,245,81,144,245,295,373,292,378,136,355,285,386
137,357,246,84,143,251,295,374,291,380,135,355,285,387
136,357,246,86,142,258,294,380,291,380,135,355,285,387
136,357,246,89,141,264,293,380,291,381,134,355,284,388
135,357,247,92,140,271,292,381,290,382,134,355,284,388
134,357,247,95,139,278,292,382,289,383,133,355,283,389
134,357,247,98,138,285,291,383,289,384,133,355,283,390
134,357,248,101,137,292,290,383,288,385,132,355,282,391
133,358,248,105,136,300,290,384,287,386,132,355,281,391
133,358,249,108,135,307,289,384,286,387,132,355,280,393
133,359,249,112,135,315,288,386,285,388,132,356,279,393
133,359,249,116,134,323,287,387,284,389,132,356,278,394
133,360,250,120,133,330,286,388,284,390,132,357,278,395
133,360,250,124,132,338,285,389,283,391,132,358,277,396
133,361,251,127,130,348,284,391,282,392,132,358,276,397
134,362,251,131,130,353,284,392,281,393,132,359,275,398
134,363,251,136,131,355,283,393,280,394,133,361,274,399
134,365,252,140,131,356,282,395,279,396,133,362,273,400
134,366,252,145,132,357,281,396,278,397,133,363,272,401
135,368,253,149,132,358,280,397,277,398,134,365,271,402
135,369,253,154,132,360,279,398,276,399,134,366,270,402
136,371,254,159,133,361,278,399,275,400,135,368,269,403
137,372,254,164,133,363,277,400,274,401,136,369,268,404
138,374,254,169,134,365,276,401,274,402,137,371,267,404
139,376,255,174,135,366,276,402,273,403,137,373,267,405
140,378,255,179,136,368,275,403,272,404,138,374,266,406
141,379,255,185,136,370,275,404,271,405,140,376,265,406
142,381,256,190,137,372,274,405,271,405,141,378,265,407
144,383,256,196,138,374,274,405,270,406,142,380,264,407
145,385,257,202,140,376,273,406,270,407,143,382,264,408
146,387,257,208,141,378,273,406,270,407,145,384,263,408
148,390,257,214,142,380,272,407,269,408,146,386,263,408
149,392,258,220,143,383,272,407,269,408,148,388,263,409
151,394,258,226,144,385,272,408,269,408,149,390,262,409
153,396,259,232,146,387,272,408,268,408,151,392,262,409
154,398,259,239,147,390,271,408,268,408,152,394,262,409
156,399,260,246,148,392,271,408,268,409,154,397,261,409
158,401,260,253,150,395,271,408,267,409,155,399,261,409
159,403,260,260,151,397,271,408,267,409,157,401,261,409
161,405,261,267,153,399,270,408,267,409,158,402,261,409
163,406,261,274,154,401,270,408,266,409,159,403,260,409
164,407,262,281,155,402,270,408,266,409,159,403,260,409
166,409,262,289,156,404,270,408,266,409,160,404,260,408
167,410,262,296,156,405,270,408,266,409,160,406,260,408
169,412,263,304,158,407,270,408,266,408,161,407,260,408
170,415,263,312,159,408,270,408,266,408,160,408,260,408
171,417,264,320,162,407,270,407,266,408,162,409,260,407
173,419,264,328,162,407,269,407,266,408,162,410,259,407
174,421,265,336,162,409,269,407,265,407,168,421,259,407
176,423,265,345,162,410,269,406,265,407,169,422,259,407
177,425,266,353,162,410,269,406,265,407,171,424,259,407
179,426,266,362,162,411,269,406,265,406,173,426,259,406
180,428,266,370,163,410,269,405,265,406,175,427,259,406
182,429,266,379,163,411,268,405,265,406,176,429,259,406
183,430,267,389,163,411,268,404,264,405,179,430,258,406
185,432,267,397,163,411,269,396,264,400,180,432,258,405
186,433,266,397,164,412,269,405,264,400,181,433,258,406
188,434,266,398,164,412,269,405,264,400,183,434,259,406
189,435,265,397,164,411,269,405,263,399,184,435,258,406
190,436,264,397,164,412,268,406,262,399,186,436,258,406
191,436,263,397,165,411,268,406,261,399,187,437,257,406
192,437,262,397,165,412,267,406,261,399,188,437,257,406
193,437,262,397,165,411,266,405,260,399,189,438,256,406
194,438,261,397,165,411,265,405,259,399,190,438,256,406
195,439,260,396,166,411,264,405,259,398,192,439,255,405
196,439,259,396,166,411,263,405,258,398,193,439,254,404
197,440,258,395,166,411,263,404,257,397,194,440,254,404
198,440,258,395,166,411,262,404,256,397,195,440,253,403
199,441,257,394,166,411,261,403,255,396,196,441,252,402
199,441,256,394,166,411,260,403,255,396,197,441,252,401
200,441,255,393,166,411,260,402,254,395,197,441,251,400
201,441,254,393,166,411,259,402,253,395,199,441,250,399
202,441,254,393,166,411,258,401,252,394,199,442,249,398
203,441,253,392,167,411,257,401,252,394,200,442,249,397
203,442,252,392,167,411,256,400,251,393,201,442,248,396
204,442,251,391,167,411,256,400,250,393,201,442,247,395
205,442,250,390,167,411,255,399,249,392,202,443,246,394
205,442,250,390,167,411,254,398,248,392,203,443,245,393
206,443,249,389,167,412,253,398,248,391,204,443,245,391
206,443,248,389,167,412,252,397,247,391,204,443,244,390
207,443,247,389,167,411,251,397,246,390,205,443,243,390
208,443,247,388,167,411,251,396,245,390,205,444,243,390
208,443,246,388,167,411,250,396,244,390,206,444,242,390
209,443,245,388,204,445,249,396,244,389,206,444,241,390
209,443,244,388,204,445,248,396,243,389,207,444,240,390
209,444,244,387,204,445,247,396,242,389,207,444,239,390
210,444,243,387,205,445,246,396,241,389,207,445,239,390
210,444,242,387,205,445,245,396,241,389,208,445,238,390
210,444,242,387,206,445,245,396,240,389,208,445,237,389
210,444,241,387,206,445,244,396,239,389,208,445,237,389
211,444,240,387,206,445,243,395,239,388,208,445,236,389
211,444,240,387,206,445,242,396,238,388,208,445,236,389
211,444,239,387,207,445,242,396,238,389,209,445,235,390
211,445,239,387,207,446,241,396,237,389,209,445,235,390
211,445,238,387,207,446,241,396,237,389,209,446,235,390
211,445,238,387,207,446,240,396,236,389,209,446,234,391
212,445,238,387,208,446,240,396,236,389,209,446,234,391
212,445,237,388,208,446,239,397,235,390,209,446,233,391
212,445,237,388,208,446,238,397,235,390,209,446,233,392
212,445,237,388,208,446,238,398,234,390,209,446,232,392
212,445,236,388,208,446,237,398,234,390,210,446,232,392
212,445,236,388,208,446,237,399,234,391,210,446,232,393
212,446,236,389,208,447,237,399,233,391,210,447,231,393
212,445,236,389,208,447,236,400,233,391,210,447,231,393
212,446,236,389,208,447,236,400,233,391,209,447,230,394
212,446,235,389,208,447,235,401,232,392,209,447,230,394
212,446,236,389,208,447,235,401,232,392,209,447,230,394
212,446,236,390,208,447,235,401,232,393,209,447,229,395
212,446,236,389,208,447,234,402,232,393,209,447,229,395
212,446,236,390,208,447,234,402,231,394,209,447,229,396
211,446,236,390,207,447,234,403,231,394,209,447,229,396
211,446,236,390,207,447,233,404,231,394,209,447,228,397
211,446,236,390,207,447,233,404,231,395,209,447,228,397
211,445,236,390,207,446,232,404,230,395,209,446,228,397
211,445,237,390,207,446,232,405,230,396,208,446,227,398
211,445,232,397,207,446,232,405,230,396,208,446,227,398
211,445,231,397,207,446,232,406,229,397,208,446,227,399
211,445,231,397,207,446,231,406,229,397,208,446,226,399
211,444,231,398,207,445,231,407,229,397,208,445,226,400
211,444,230,399,207,445,231,407,229,398,208,445,226,400
210,444,230,399,207,445,230,408,229,398,208,445,226,401
210,444,230,400,207,444,230,408,228,399,208,445,226,401
210,443,230,400,207,444,230,409,228,399,208,445,225,402
210,443,230,401,207,444,230,409,228,400,208,444,225,402
210,443,230,401,206,444,229,410,228,400,208,444,225,402
210,443,230,402,206,444,229,410,228,401,208,444,225,403
210,443,229,402,206,444,229,410,227,401,207,444,224,403
210,443,229,403,206,444,229,411,227,401,207,444,224,403
210,443,229,403,206,444,229,411,227,402,207,444,224,403
210,442,229,403,206,444,228,411,227,402,207,444,224,404
210,442,229,403,206,444,228,411,227,402,207,444,224,404
210,442,229,403,206,443,228,412,227,403,207,443,224,404
210,442,229,404,206,443,228,412,227,403,207,443,224,405
210,442,229,404,206,443,228,412,227,403,207,443,224,405
210,442,229,404,206,443,228,412,227,403,207,443,224,405
210,442,229,404,206,443,228,412,227,403,207,443,224,405
210,442,229,404,206,443,227,413,227,403,207,443,224,405
210,442,229,404,206,443,227,413,227,403,207,443,224,405
210,442,229,404,206,443,227,413,227,403,208,443,224,406
210,442,229,404,206,443,227,413,227,403,208,443,224,406
211,442,229,405,207,444,227,413,227,404,208,444,224,406
211,442,229,405,207,444,227,413,227,404,208,444,224,406
211,443,229,405,207,444,227,413,227,404,208,444,224,406
211,443,229,405,207,444,227,414,227,404,208,444,224,406
211,443,229,405,208,444,227,414,227,404,209,444,225,406
212,444,229,405,208,445,228,414,227,404,209,445,225,406
212,444,229,405,208,445,228,414,227,405,209,445,225,407
212,444,229,406,208,445,228,414,228,405,209,445,225,407
212,444,229,406,208,445,228,414,228,405,210,446,225,407
213,445,229,406,209,446,228,415,228,406,210,446,225,408
213,445,230,407,209,446,228,414,228,406,210,446,225,408
213,446,230,407,209,447,228,415,228,407,210,447,225,409
213,446,230,407,210,447,228,415,228,407,211,447,225,409
214,446,230,407,210,447,229,415,229,407,211,447,226,409
214,447,230,408,210,448,229,416,229,408,211,448,226,409
214,447,230,408,211,448,229,416,229,408,212,448,226,410
215,448,231,409,211,449,229,416,229,409,212,449,226,410
215,448,231,409,211,449,230,417,229,409,212,449,227,411
215,449,231,409,212,450,230,417,229,409,213,450,227,411
216,449,232,410,212,450,230,417,230,410,213,450,227,411
216,450,232,410,212,450,231,418,230,410,213,451,227,412
216,450,232,410,213,451,231,418,230,410,214,451,228,412
217,451,233,411,213,451,231,418,231,411,214,452,228,413
217,451,233,411,214,452,232,418,231,411,215,452,228,413
218,451,233,411,214,452,232,418,231,411,215,453,229,413
218,451,234,412,215,452,232,418,232,412,215,453,229,413
219,452,234,412,215,453,233,419,232,412,216,453,229,414
219,452,234,412,215,453,233,419,232,412,216,454,229,414
219,452,234,413,215,454,233,419,232,413,216,454,230,414
219,452,235,413,216,454,234,419,233,413,217,454,230,415
220,453,235,413,216,454,234,419,233,413,217,454,230,415
221,453,235,413,217,455,234,419,233,413,218,455,240,418
221,453,235,414,217,455,235,419,233,414,218,455,240,418
221,453,236,414,217,455,235,419,234,414,218,455,240,417
222,453,236,414,218,455,235,420,234,414,219,455,240,418
222,453,236,414,218,455,236,420,234,414,219,455,241,418
223,453,237,414,219,456,236,420,235,414,220,456,241,418
223,453,237,414,219,456,236,420,235,414,220,456,241,418
223,453,237,414,219,456,236,420,235,414,221,456,241,418
224,453,237,414,220,456,237,420,236,414,221,456,242,418
224,453,238,414,221,456,237,420,236,414,222,456,242,418
225,453,238,414,221,456,237,420,236,414,222,456,242,418
225,453,238,414,221,456,237,420,236,414,222,456,242,417
226,453,238,414,222,456,238,420,237,414,223,456,242,418
226,453,238,414,222,456,238,420,237,414,223,456,242,418
226,453,239,414,222,456,238,420,237,414,223,456,243,418
226,453,239,414,223,456,238,419,238,414,224,456,243,418
227,453,239,414,223,456,238,419,238,414,224,456,243,418
227,453,240,414,223,456,238,420,238,414,224,456,243,418
227,453,240,414,224,456,239,420,238,414,225,456,243,418
228,453,240,414,224,456,239,420,238,415,225,456,243,418
228,453,240,415,224,456,239,420,239,415,225,456,243,418
228,453,240,415,225,456,239,420,239,415,226,456,244,418
229,454,240,415,225,456,239,421,239,416,226,456,244,418
229,454,240,416,225,456,239,421,239,416,226,456,244,419
229,454,240,416,225,456,239,422,239,417,226,456,244,419
229,454,240,417,226,456,239,422,239,417,227,456,244,419
230,454,240,417,226,456,240,423,239,418,227,456,245,420
230,454,240,418,226,456,240,423,239,419,227,456,245,420
230,454,240,419,226,456,240,424,239,419,227,457,245,421
231,455,240,419,227,457,240,425,239,420,228,457,245,421
230,455,240,420,227,457,240,425,239,421,228,457,245,422
231,455,240,421,227,457,240,426,239,422,228,457,245,423
231,455,241,422,227,457,240,427,239,423,228,457,245,423
231,455,241,423,228,458,240,428,239,424,229,458,246,424
